timestamp,lux,potencia,estado
2026-09-20T15:00:00,41.7,0.0,0
2026-09-20T15:01:00,1.8,0.0,0
2026-09-20T15:02:00,14.9,0.0,0
2026-09-20T15:03:00,28.2,0.0,0
2026-09-20T15:04:00,0.5,0.0,0
2026-09-20T15:05:00,28.7,0.0,0
2026-09-20T15:06:00,34.0,0.0,0
2026-09-20T15:07:00,5.6,0.0,0
2026-09-20T15:08:00,34.1,0.0,0
2026-09-20T15:09:00,36.0,0.0,0
2026-09-20T15:10:00,38.0,0.0,0
2026-09-20T15:11:00,11.9,0.0,0
2026-09-20T15:12:00,35.9,0.0,0
2026-09-20T15:13:00,25.9,0.0,0
2026-09-20T15:14:00,33.0,0.0,0
2026-09-20T15:15:00,6.4,0.0,0
2026-09-20T15:16:00,34.4,0.0,0
2026-09-20T15:17:00,32.9,0.0,0
2026-09-20T15:18:00,30.2,0.0,0
2026-09-20T15:19:00,40.8,0.0,0
2026-09-20T15:20:00,10.6,0.0,0
2026-09-20T15:21:00,27.3,0.0,0
2026-09-20T15:22:00,25.6,0.0,0
2026-09-20T15:23:00,12.2,0.0,0
2026-09-20T15:24:00,29.1,0.0,0
2026-09-20T15:25:00,38.4,0.0,0
2026-09-20T15:26:00,43.1,0.0,0
2026-09-20T15:27:00,26.8,0.0,0
2026-09-20T15:28:00,20.0,0.0,0
2026-09-20T15:29:00,47.1,0.0,0
2026-09-20T15:30:00,15.8,0.0,0
2026-09-20T15:31:00,6.8,0.0,0
2026-09-20T15:32:00,37.6,0.0,0
2026-09-20T15:33:00,13.6,0.0,0
2026-09-20T15:34:00,28.2,0.0,0
2026-09-20T15:35:00,32.1,0.0,0
2026-09-20T15:36:00,32.9,0.0,0
2026-09-20T15:37:00,5.7,0.0,0
2026-09-20T15:38:00,43.6,0.0,0
2026-09-20T15:39:00,50.0,0.0,0
2026-09-20T15:40:00,6.3,0.0,0
2026-09-20T15:41:00,24.4,0.0,0
2026-09-20T15:42:00,42.4,0.0,0
2026-09-20T15:43:00,36.2,0.0,0
2026-09-20T15:44:00,11.7,0.0,0
2026-09-20T15:45:00,39.9,0.0,0
2026-09-20T15:46:00,42.0,0.0,0
2026-09-20T15:47:00,8.0,0.0,0
2026-09-20T15:48:00,36.3,0.0,0
2026-09-20T15:49:00,32.3,0.0,0
2026-09-20T15:50:00,44.3,0.0,0
2026-09-20T15:51:00,32.1,0.0,0
2026-09-20T15:52:00,48.8,0.0,0
2026-09-20T15:53:00,10.5,0.0,0
2026-09-20T15:54:00,23.1,0.0,0
2026-09-20T15:55:00,22.5,0.0,0
2026-09-20T15:56:00,13.2,0.0,0
2026-09-20T15:57:00,49.2,0.0,0
2026-09-20T15:58:00,13.6,0.0,0
2026-09-20T15:59:00,4.7,0.0,0
2026-09-20T16:00:00,28.4,0.0,0
2026-09-20T16:01:00,15.9,0.0,0
2026-09-20T16:02:00,42.9,0.0,0
2026-09-20T16:03:00,18.3,0.0,0
2026-09-20T16:04:00,35.4,0.0,0
2026-09-20T16:05:00,24.0,0.0,0
2026-09-20T16:06:00,23.2,0.0,0
2026-09-20T16:07:00,36.9,0.0,0
2026-09-20T16:08:00,44.7,0.0,0
2026-09-20T16:09:00,46.7,0.0,0
2026-09-20T16:10:00,35.3,0.0,0
2026-09-20T16:11:00,22.1,0.0,0
2026-09-20T16:12:00,17.1,0.0,0
2026-09-20T16:13:00,22.8,0.0,0
2026-09-20T16:14:00,47.7,0.0,0
2026-09-20T16:15:00,7.3,0.0,0
2026-09-20T16:16:00,2.1,0.0,0
2026-09-20T16:17:00,22.5,0.0,0
2026-09-20T16:18:00,1.3,0.0,0
2026-09-20T16:19:00,25.7,0.0,0
2026-09-20T16:20:00,6.5,0.0,0
2026-09-20T16:21:00,13.6,0.0,0
2026-09-20T16:22:00,35.8,0.0,0
2026-09-20T16:23:00,11.8,0.0,0
2026-09-20T16:24:00,24.6,0.0,0
2026-09-20T16:25:00,16.1,0.0,0
2026-09-20T16:26:00,30.1,0.0,0
2026-09-20T16:27:00,21.4,0.0,0
2026-09-20T16:28:00,43.2,0.0,0
2026-09-20T16:29:00,48.6,0.0,0
2026-09-20T16:30:00,43.3,0.0,0
2026-09-20T16:31:00,14.4,0.0,0
2026-09-20T16:32:00,17.1,0.0,0
2026-09-20T16:33:00,37.8,0.0,0
2026-09-20T16:34:00,15.7,0.0,0
2026-09-20T16:35:00,16.2,0.0,0
2026-09-20T16:36:00,20.3,0.0,0
2026-09-20T16:37:00,37.9,0.0,0
2026-09-20T16:38:00,9.8,0.0,0
2026-09-20T16:39:00,47.1,0.0,0
2026-09-20T16:40:00,45.0,0.0,0
2026-09-20T16:41:00,8.5,0.0,0
2026-09-20T16:42:00,34.8,0.0,0
2026-09-20T16:43:00,2.6,0.0,0
2026-09-20T16:44:00,37.8,0.0,0
2026-09-20T16:45:00,40.2,0.0,0
2026-09-20T16:46:00,39.6,0.0,0
2026-09-20T16:47:00,31.0,0.0,0
2026-09-20T16:48:00,40.7,0.0,0
2026-09-20T16:49:00,27.3,0.0,0
2026-09-20T16:50:00,0.0,0.0,0
2026-09-20T16:51:00,13.6,0.0,0
2026-09-20T16:52:00,13.1,0.0,0
2026-09-20T16:53:00,21.9,0.0,0
2026-09-20T16:54:00,11.0,0.0,0
2026-09-20T16:55:00,12.0,0.0,0
2026-09-20T16:56:00,28.7,0.0,0
2026-09-20T16:57:00,48.4,0.0,0
2026-09-20T16:58:00,12.6,0.0,0
2026-09-20T16:59:00,29.8,0.0,0
2026-09-20T17:00:00,29.6,0.0,0
2026-09-20T17:01:00,22.3,0.0,0
2026-09-20T17:02:00,11.6,0.0,0
2026-09-20T17:03:00,4.5,0.0,0
2026-09-20T17:04:00,26.9,0.0,0
2026-09-20T17:05:00,36.2,0.0,0
2026-09-20T17:06:00,44.9,0.0,0
2026-09-20T17:07:00,15.5,0.0,0
2026-09-20T17:08:00,26.8,0.0,0
2026-09-20T17:09:00,41.5,0.0,0
2026-09-20T17:10:00,29.7,0.0,0
2026-09-20T17:11:00,47.6,0.0,0
2026-09-20T17:12:00,45.0,0.0,0
2026-09-20T17:13:00,30.3,0.0,0
2026-09-20T17:14:00,25.7,0.0,0
2026-09-20T17:15:00,39.4,0.0,0
2026-09-20T17:16:00,47.3,0.0,0
2026-09-20T17:17:00,30.6,0.0,0
2026-09-20T17:18:00,25.7,0.0,0
2026-09-20T17:19:00,28.7,0.0,0
2026-09-20T17:20:00,10.6,0.0,0
2026-09-20T17:21:00,31.2,0.0,0
2026-09-20T17:22:00,5.6,0.0,0
2026-09-20T17:23:00,9.1,0.0,0
2026-09-20T17:24:00,14.3,0.0,0
2026-09-20T17:25:00,26.2,0.0,0
2026-09-20T17:26:00,26.8,0.0,0
2026-09-20T17:27:00,45.2,0.0,0
2026-09-20T17:28:00,20.2,0.0,0
2026-09-20T17:29:00,30.9,0.0,0
2026-09-20T17:30:00,13.9,0.0,0
2026-09-20T17:31:00,26.8,0.0,0
2026-09-20T17:32:00,21.5,0.0,0
2026-09-20T17:33:00,13.1,0.0,0
2026-09-20T17:34:00,44.7,0.0,0
2026-09-20T17:35:00,20.0,0.0,0
2026-09-20T17:36:00,25.3,0.0,0
2026-09-20T17:37:00,26.8,0.0,0
2026-09-20T17:38:00,16.2,0.0,0
2026-09-20T17:39:00,9.3,0.0,0
2026-09-20T17:40:00,14.3,0.0,0
2026-09-20T17:41:00,43.0,0.0,0
2026-09-20T17:42:00,49.2,0.0,0
2026-09-20T17:43:00,7.5,0.0,0
2026-09-20T17:44:00,8.8,0.0,0
2026-09-20T17:45:00,49.9,0.0,0
2026-09-20T17:46:00,7.2,0.0,0
2026-09-20T17:47:00,14.5,0.0,0
2026-09-20T17:48:00,5.2,0.0,0
2026-09-20T17:49:00,24.3,0.0,0
2026-09-20T17:50:00,39.6,0.0,0
2026-09-20T17:51:00,17.5,0.0,0
2026-09-20T17:52:00,46.4,0.0,0
2026-09-20T17:53:00,41.6,0.0,0
2026-09-20T17:54:00,16.5,0.0,0
2026-09-20T17:55:00,25.3,0.0,0
2026-09-20T17:56:00,25.8,0.0,0
2026-09-20T17:57:00,16.3,0.0,0
2026-09-20T17:58:00,33.1,0.0,0
2026-09-20T17:59:00,21.0,0.0,0
2026-09-20T18:00:00,788.2,3.75,1
2026-09-20T18:01:00,836.9,3.61,1
2026-09-20T18:02:00,895.8,4.7,1
2026-09-20T18:03:00,821.1,3.71,1
2026-09-20T18:04:00,889.5,4.12,1
2026-09-20T18:05:00,669.4,3.9,1
2026-09-20T18:06:00,684.9,4.04,1
2026-09-20T18:07:00,751.3,3.96,1
2026-09-20T18:08:00,728.4,3.99,1
2026-09-20T18:09:00,715.6,3.68,1
2026-09-20T18:10:00,705.0,4.21,1
2026-09-20T18:11:00,747.9,4.53,1
2026-09-20T18:12:00,746.6,3.89,1
2026-09-20T18:13:00,834.4,3.51,1
2026-09-20T18:14:00,615.1,4.23,1
2026-09-20T18:15:00,888.9,4.49,1
2026-09-20T18:16:00,813.0,3.57,1
2026-09-20T18:17:00,811.4,4.09,1
2026-09-20T18:18:00,823.8,3.77,1
2026-09-20T18:19:00,814.3,4.0,1
2026-09-20T18:20:00,668.6,3.66,1
2026-09-20T18:21:00,808.7,4.48,1
2026-09-20T18:22:00,671.5,4.16,1
2026-09-20T18:23:00,829.3,3.56,1
2026-09-20T18:24:00,714.8,4.54,1
2026-09-20T18:25:00,609.2,4.21,1
2026-09-20T18:26:00,896.0,4.13,1
2026-09-20T18:27:00,654.1,4.19,1
2026-09-20T18:28:00,602.8,3.88,1
2026-09-20T18:29:00,754.8,4.54,1
2026-09-20T18:30:00,836.2,3.99,1
2026-09-20T18:31:00,726.2,3.87,1
2026-09-20T18:32:00,616.7,4.35,1
2026-09-20T18:33:00,807.1,4.32,1
2026-09-20T18:34:00,712.8,3.53,1
2026-09-20T18:35:00,700.6,4.03,1
2026-09-20T18:36:00,841.6,4.58,1
2026-09-20T18:37:00,853.5,3.72,1
2026-09-20T18:38:00,673.7,3.72,1
2026-09-20T18:39:00,640.0,3.98,1
2026-09-20T18:40:00,783.2,4.58,1
2026-09-20T18:41:00,736.8,4.16,1
2026-09-20T18:42:00,673.1,3.77,1
2026-09-20T18:43:00,777.1,3.7,1
2026-09-20T18:44:00,699.6,3.52,1
2026-09-20T18:45:00,899.5,4.02,1
2026-09-20T18:46:00,816.8,4.3,1
2026-09-20T18:47:00,661.7,3.68,1
2026-09-20T18:48:00,823.2,4.53,1
2026-09-20T18:49:00,711.1,4.74,1
2026-09-20T18:50:00,632.6,4.78,1
2026-09-20T18:51:00,805.0,3.89,1
2026-09-20T18:52:00,758.1,4.49,1
2026-09-20T18:53:00,831.6,3.96,1
2026-09-20T18:54:00,855.3,4.6,1
2026-09-20T18:55:00,847.4,4.28,1
2026-09-20T18:56:00,677.7,4.12,1
2026-09-20T18:57:00,690.4,3.75,1
2026-09-20T18:58:00,651.5,4.77,1
2026-09-20T18:59:00,854.7,4.48,1
2026-09-20T19:00:00,781.1,3.97,1
